Username;Identifier;First name;Last name;Email;Phone Number;Date of Birth;Address;Occupation;Gender
booker12;9012;Rachel;Booker;rachel.booker@example.com;123-456-7890;1990-01-15;123 Main St, Cityville;Teacher;Female
grey07;2070;Laura;Grey;laura.grey@example.com;234-567-8901;1988-03-22;456 Oak St, Townsville;Engineer;Female
johnson81;4081;Craig;Johnson;craig.johnson@example.com;345-678-9012;1992-07-30;789 Pine St, Villageburg;Designer;Male
jenkins46;9346;Mary;Jenkins;mary.jenkins@example.com;456-789-0123;1985-12-05;321 Elm St, Hamletton;Nurse;Female
smith79;5079;Jamie;Smith;jamie.smith@example.com;567-890-1234;1991-11-23;654 Maple St, Citytown;Developer;Non-binary
booker12;9012;Rachel;Booker;rachel.booker@example.com;123-456-7890;1990-01-15;123 Main St, Cityville;Teacher;Female
grey07;2070;Laura;Grey;laura.grey@example.com;234-567-8901;1988-03-22;456 Oak St, Townsville;Engineer;Female
johnson81;4081;Craig;Johnson;craig.johnson@example.com;345-678-9012;1992-07-30;789 Pine St, Villageburg;Designer;Male
jenkins46;9346;Mary;Jenkins;mary.jenkins@example.com;456-789-0123;1985-12-05;321 Elm St, Hamletton;Nurse;Female
smith79;5079;Jamie;Smith;jamie.smith@example.com;567-890-1234;1991-11-23;654 Maple St, Citytown;Developer;Non-binary
booker12;9012;Rachel;Booker;rachel.booker@example.com;123-456-7890;1990-01-15;123 Main St, Cityville;Teacher;Female
grey07;2070;Laura;Grey;laura.grey@example.com;234-567-8901;1988-03-22;456 Oak St, Townsville;Engineer;Female
johnson81;4081;Craig;Johnson;craig.johnson@example.com;345-678-9012;1992-07-30;789 Pine St, Villageburg;Designer;Male
jenkins46;9346;Mary;Jenkins;mary.jenkins@example.com;456-789-0123;1985-12-05;321 Elm St, Hamletton;Nurse;Female
smith79;5079;Jamie;Smith;jamie.smith@example.com;567-890-1234;1991-11-23;654 Maple St, Citytown;Developer;Non-binary
booker12;9012;Rachel;Booker;rachel.booker@example.com;123-456-7890;1990-01-15;123 Main St, Cityville;Teacher;Female
grey07;2070;Laura;Grey;laura.grey@example.com;234-567-8901;1988-03-22;456 Oak St, Townsville;Engineer;Female
johnson81;4081;Craig;Johnson;craig.johnson@example.com;345-678-9012;1992-07-30;789 Pine St, Villageburg;Designer;Male
jenkins46;9346;Mary;Jenkins;mary.jenkins@example.com;456-789-0123;1985-12-05;321 Elm St, Hamletton;Nurse;Female
smith79;5079;Jamie;Smith;jamie.smith@example.com;567-890-1234;1991-11-23;654 Maple St, Citytown;Developer;Non-binary
jenkins46;9346;Mary;Jenkins;mary.jenkins@example.com;456-789-0123;1985-12-05;321 Elm St, Hamletton;Nurse;Female
smith79;5079;Jamie;Smith;jamie.smith@example.com;567-890-1234;1991-11-23;654 Maple St, Citytown;Developer;Non-binary
jenkins46;9346;Mary;Jenkins;mary.jenkins@example.com;456-789-0123;1985-12-05;321 Elm St, Hamletton;Nurse;Female
smith79;5079;Jamie;Smith;jamie.smith@example.com;567-890-1234;1991-11-23;654 Maple St, Citytown;Developer;Non-binary
jenkins46;9346;Mary;Jenkins;mary.jenkins@example.com;456-789-0123;1985-12-05;321 Elm St, Hamletton;Nurse;Female
smith79;5079;Jamie;Smith;jamie.smith@example.com;567-890-1234;1991-11-23;654 Maple St, Citytown;Developer;Non-binary
adam23;1001;Adam;Johnson;adam.johnson@example.com;678-901-2345;1987-02-28;987 Birch St, Citycenter;Manager;Male
lindsey45;1002;Lindsey;Wilson;lindsey.wilson@example.com;789-012-3456;1993-04-16;543 Cedar St, Townhub;Analyst;Female
michael34;1003;Michael;Brown;michael.brown@example.com;890-123-4567;1989-06-11;678 Spruce St, Villagetown;Developer;Male
susan88;1004;Susan;Smith;susan.smith@example.com;901-234-5678;1982-09-19;234 Fir St, Hamlet;Sales;Female
david47;1005;David;Miller;david.miller@example.com;012-345-6789;1995-05-30;345 Palm St, Cityshire;Intern;Male
emily67;1006;Emily;Davis;emily.davis@example.com;123-456-7891;1990-03-03;456 Willow St, Townsville;Consultant;Female
stephen22;1007;Stephen;Garcia;stephen.garcia@example.com;234-567-8902;1988-01-25;567 Cherry St, Cityview;Director;Male
karen29;1008;Karen;Martinez;karen.martinez@example.com;345-678-9013;1984-12-15;678 Maple St, Towncity;Lawyer;Female
james75;1009;James;Hernandez;james.hernandez@example.com;456-789-0124;1991-07-19;789 Ash St, Cityburg;Entrepreneur;Male
olivia30;1010;Olivia;Lopez;olivia.lopez@example.com;567-890-1235;1996-11-08;890 Willow St, Townsville;Student;Female
